BEA_sector,date,v,u,U_monthly
Accommodation and food services,200012,556,602,4763
"Arts, entertainment, and recreation",200012,36,108,4763
Construction,200012,224,536,4763
Durable goods,200012,347,384,4763
Educational services,200012,61,34,4763
Finance and insurance,200012,272,129,4763
Government,200012,377,408,4763
Health care and social assistance,200012,782,292,4763
Information,200012,193,140,4763
Mining,200012,8,19,4763
Nondurable goods,200012,123,290,4763
"Other services, except government",200012,338,202,4763
Professional and business services,200012,827,574,4763
Real estate and rental and leasing,200012,72,92,4763
Retail trade,200012,542,639,4763
Transportation and warehousing,200012,93,170,4763
Wholesale trade,200012,239,144,4763
Accommodation and food services,200112,412,872,7298
"Arts, entertainment, and recreation",200112,56,166,7298
Construction,200112,119,724,7298
Durable goods,200112,139,792,7298
Educational services,200112,43,107,7298
Finance and insurance,200112,179,212,7298
Government,200112,447,469,7298
Health care and social assistance,200112,686,434,7298
Information,200112,106,258,7298
Mining,200112,16,26,7298
Nondurable goods,200112,83,407,7298
"Other services, except government",200112,201,334,7298
Professional and business services,200112,518,931,7298
Real estate and rental and leasing,200112,39,74,7298
Retail trade,200112,369,946,7298
Transportation and warehousing,200112,103,316,7298
Wholesale trade,200112,93,230,7298
Accommodation and food services,200101,598,640,5287
"Arts, entertainment, and recreation",200101,61,126,5287
Construction,200101,194,580,5287
Durable goods,200101,302,481,5287
Educational services,200101,32,77,5287
Finance and insurance,200101,238,167,5287
Government,200101,486,465,5287
Health care and social assistance,200101,747,341,5287
Information,200101,229,158,5287
Mining,200101,12,9,5287
Nondurable goods,200101,121,340,5287
"Other services, except government",200101,422,200,5287
Professional and business services,200101,686,634,5287
Real estate and rental and leasing,200101,30,74,5287
Retail trade,200101,496,683,5287
Transportation and warehousing,200101,190,161,5287
Wholesale trade,200101,238,151,5287
Accommodation and food services,200106,464,673,5644
"Arts, entertainment, and recreation",200106,59,87,5644
Construction,200106,192,555,5644
Durable goods,200106,235,623,5644
Educational services,200106,48,80,5644
Finance and insurance,200106,266,155,5644
Government,200106,559,445,5644
Health care and social assistance,200106,724,346,5644
Information,200106,114,173,5644
Mining,200106,18,24,5644
Nondurable goods,200106,111,347,5644
"Other services, except government",200106,240,233,5644
Professional and business services,200106,746,690,5644
Real estate and rental and leasing,200106,44,71,5644
Retail trade,200106,435,755,5644
Transportation and warehousing,200106,124,236,5644
Wholesale trade,200106,134,151,5644
Accommodation and food services,200110,381,767,6742
"Arts, entertainment, and recreation",200110,59,172,6742
Construction,200110,126,654,6742
Durable goods,200110,145,769,6742
Educational services,200110,56,79,6742
Finance and insurance,200110,187,213,6742
Government,200110,461,452,6742
Health care and social assistance,200110,716,429,6742
Information,200110,61,245,6742
Mining,200110,13,32,6742
Nondurable goods,200110,117,373,6742
"Other services, except government",200110,220,248,6742
Professional and business services,200110,510,926,6742
Real estate and rental and leasing,200110,57,72,6742
Retail trade,200110,362,827,6742
Transportation and warehousing,200110,116,325,6742
Wholesale trade,200110,137,159,6742
Accommodation and food services,200111,424,753,7021
"Arts, entertainment, and recreation",200111,69,180,7021
Construction,200111,138,729,7021
Durable goods,200111,125,751,7021
Educational services,200111,38,110,7021
Finance and insurance,200111,186,276,7021
Government,200111,453,456,7021
Health care and social assistance,200111,671,431,7021
Information,200111,97,239,7021
Mining,200111,6,22,7021
Nondurable goods,200111,104,398,7021
"Other services, except government",200111,160,265,7021
Professional and business services,200111,561,949,7021
Real estate and rental and leasing,200111,65,59,7021
Retail trade,200111,354,902,7021
Transportation and warehousing,200111,108,317,7021
Wholesale trade,200111,104,184,7021
Accommodation and food services,200105,520,654,5450
"Arts, entertainment, and recreation",200105,65,98,5450
Construction,200105,223,573,5450
Durable goods,200105,207,617,5450
Educational services,200105,62,68,5450
Finance and insurance,200105,255,126,5450
Government,200105,500,412,5450
Health care and social assistance,200105,728,352,5450
Information,200105,120,165,5450
Mining,200105,8,36,5450
Nondurable goods,200105,105,324,5450
"Other services, except government",200105,187,190,5450
Professional and business services,200105,835,668,5450
Real estate and rental and leasing,200105,68,66,5450
Retail trade,200105,465,755,5450
Transportation and warehousing,200105,122,197,5450
Wholesale trade,200105,110,149,5450
Accommodation and food services,200107,511,670,5782
"Arts, entertainment, and recreation",200107,88,133,5782
Construction,200107,189,578,5782
Durable goods,200107,197,656,5782
Educational services,200107,49,98,5782
Finance and insurance,200107,222,189,5782
Government,200107,502,423,5782
Health care and social assistance,200107,746,355,5782
Information,200107,113,209,5782
Mining,200107,17,16,5782
Nondurable goods,200107,108,377,5782
"Other services, except government",200107,270,205,5782
Professional and business services,200107,622,744,5782
Real estate and rental and leasing,200107,61,84,5782
Retail trade,200107,408,670,5782
Transportation and warehousing,200107,134,239,5782
Wholesale trade,200107,122,136,5782
Accommodation and food services,200104,547,672,5346
"Arts, entertainment, and recreation",200104,53,86,5346
Construction,200104,233,558,5346
Durable goods,200104,228,503,5346
Educational services,200104,55,74,5346
Finance and insurance,200104,236,169,5346
Government,200104,499,442,5346
Health care and social assistance,200104,655,294,5346
Information,200104,204,151,5346
Mining,200104,30,23,5346
Nondurable goods,200104,94,334,5346
"Other services, except government",200104,196,221,5346
Professional and business services,200104,834,684,5346
Real estate and rental and leasing,200104,52,71,5346
Retail trade,200104,549,697,5346
Transportation and warehousing,200104,147,237,5346
Wholesale trade,200104,199,130,5346
Accommodation and food services,200109,560,811,6409
"Arts, entertainment, and recreation",200109,78,164,6409
Construction,200109,148,618,6409
Durable goods,200109,189,715,6409
Educational services,200109,55,95,6409
Finance and insurance,200109,217,193,6409
Government,200109,443,434,6409
Health care and social assistance,200109,703,375,6409
Information,200109,75,223,6409
Mining,200109,12,27,6409
Nondurable goods,200109,124,368,6409
"Other services, except government",200109,269,240,6409
Professional and business services,200109,646,851,6409
Real estate and rental and leasing,200109,62,77,6409
Retail trade,200109,363,798,6409
Transportation and warehousing,200109,124,238,6409
Wholesale trade,200109,101,182,6409
Accommodation and food services,200108,533,644,6243
"Arts, entertainment, and recreation",200108,61,141,6243
Construction,200108,111,640,6243
Durable goods,200108,162,684,6243
Educational services,200108,56,127,6243
Finance and insurance,200108,204,166,6243
Government,200108,500,438,6243
Health care and social assistance,200108,866,380,6243
Information,200108,105,210,6243
Mining,200108,15,26,6243
Nondurable goods,200108,115,384,6243
"Other services, except government",200108,271,223,6243
Professional and business services,200108,594,868,6243
Real estate and rental and leasing,200108,75,84,6243
Retail trade,200108,404,802,6243
Transportation and warehousing,200108,118,261,6243
Wholesale trade,200108,105,165,6243
Accommodation and food services,200103,569,664,5438
"Arts, entertainment, and recreation",200103,109,112,5438
Construction,200103,195,548,5438
Durable goods,200103,250,530,5438
Educational services,200103,46,128,5438
Finance and insurance,200103,253,158,5438
Government,200103,476,383,5438
Health care and social assistance,200103,740,358,5438
Information,200103,187,143,5438
Mining,200103,17,15,5438
Nondurable goods,200103,152,338,5438
"Other services, except government",200103,158,189,5438
Professional and business services,200103,1040,635,5438
Real estate and rental and leasing,200103,77,57,5438
Retail trade,200103,430,806,5438
Transportation and warehousing,200103,129,176,5438
Wholesale trade,200103,158,198,5438
Accommodation and food services,200102,569,647,5275
"Arts, entertainment, and recreation",200102,50,106,5275
Construction,200102,225,584,5275
Durable goods,200102,290,487,5275
Educational services,200102,58,69,5275
Finance and insurance,200102,260,151,5275
Government,200102,472,335,5275
Health care and social assistance,200102,750,348,5275
Information,200102,197,106,5275
Mining,200102,8,23,5275
Nondurable goods,200102,128,364,5275
"Other services, except government",200102,159,218,5275
Professional and business services,200102,793,681,5275
Real estate and rental and leasing,200102,27,74,5275
Retail trade,200102,519,750,5275
Transportation and warehousing,200102,146,169,5275
Wholesale trade,200102,207,163,5275
Accommodation and food services,200212,321,820,7694
"Arts, entertainment, and recreation",200212,62,190,7694
Construction,200212,84,862,7694
Durable goods,200212,134,817,7694
Educational services,200212,50,124,7694
Finance and insurance,200212,176,248,7694
Government,200212,368,501,7694
Health care and social assistance,200212,609,496,7694
Information,200212,52,245,7694
Mining,200212,4,43,7694
Nondurable goods,200212,85,395,7694
"Other services, except government",200212,144,287,7694
Professional and business services,200212,554,1037,7694
Real estate and rental and leasing,200212,40,114,7694
Retail trade,200212,246,1054,7694
Transportation and warehousing,200212,97,253,7694
Wholesale trade,200212,91,208,7694
Accommodation and food services,200205,364,857,7563
"Arts, entertainment, and recreation",200205,65,200,7563
Construction,200205,112,750,7563
Durable goods,200205,160,782,7563
Educational services,200205,47,124,7563
Finance and insurance,200205,173,224,7563
Government,200205,458,554,7563
Health care and social assistance,200205,626,447,7563
Information,200205,99,263,7563
Mining,200205,5,26,7563
Nondurable goods,200205,90,462,7563
"Other services, except government",200205,159,289,7563
Professional and business services,200205,671,1009,7563
Real estate and rental and leasing,200205,50,118,7563
Retail trade,200205,340,976,7563
Transportation and warehousing,200205,112,283,7563
Wholesale trade,200205,102,199,7563
Accommodation and food services,200208,350,746,7375
"Arts, entertainment, and recreation",200208,53,161,7375
Construction,200208,111,798,7375
Durable goods,200208,159,756,7375
Educational services,200208,45,118,7375
Finance and insurance,200208,184,227,7375
Government,200208,457,481,7375
Health care and social assistance,200208,659,456,7375
Information,200208,80,269,7375
Mining,200208,8,46,7375
Nondurable goods,200208,90,401,7375
"Other services, except government",200208,141,327,7375
Professional and business services,200208,597,1016,7375
Real estate and rental and leasing,200208,36,104,7375
Retail trade,200208,322,996,7375
Transportation and warehousing,200208,105,254,7375
Wholesale trade,200208,108,219,7375
Accommodation and food services,200207,362,814,7397
"Arts, entertainment, and recreation",200207,40,173,7397
Construction,200207,101,768,7397
Durable goods,200207,167,753,7397
Educational services,200207,55,134,7397
Finance and insurance,200207,189,220,7397
Government,200207,407,495,7397
Health care and social assistance,200207,642,459,7397
Information,200207,97,270,7397
Mining,200207,6,17,7397
Nondurable goods,200207,93,403,7397
"Other services, except government",200207,135,322,7397
Professional and business services,200207,599,1091,7397
Real estate and rental and leasing,200207,44,106,7397
Retail trade,200207,345,884,7397
Transportation and warehousing,200207,75,273,7397
Wholesale trade,200207,95,215,7397
Accommodation and food services,200210,354,820,7394
"Arts, entertainment, and recreation",200210,54,182,7394
Construction,200210,134,832,7394
Durable goods,200210,145,707,7394
Educational services,200210,43,147,7394
Finance and insurance,200210,197,211,7394
Government,200210,409,526,7394
Health care and social assistance,200210,638,405,7394
Information,200210,76,219,7394
Mining,200210,8,37,7394
Nondurable goods,200210,85,407,7394
"Other services, except government",200210,171,282,7394
Professional and business services,200210,723,981,7394
Real estate and rental and leasing,200210,73,104,7394
Retail trade,200210,395,1050,7394
Transportation and warehousing,200210,91,267,7394
Wholesale trade,200210,107,217,7394
Accommodation and food services,200201,371,742,7303
"Arts, entertainment, and recreation",200201,60,152,7303
Construction,200201,113,846,7303
Durable goods,200201,154,809,7303
Educational services,200201,57,115,7303
Finance and insurance,200201,264,187,7303
Government,200201,400,489,7303
Health care and social assistance,200201,698,460,7303
Information,200201,99,258,7303
Mining,200201,14,28,7303
Nondurable goods,200201,106,434,7303
"Other services, except government",200201,175,309,7303
Professional and business services,200201,561,967,7303
Real estate and rental and leasing,200201,55,91,7303
Retail trade,200201,374,925,7303
Transportation and warehousing,200201,94,307,7303
Wholesale trade,200201,100,184,7303
Accommodation and food services,200209,346,806,7431
"Arts, entertainment, and recreation",200209,34,155,7431
Construction,200209,133,769,7431
Durable goods,200209,147,751,7431
Educational services,200209,49,148,7431
Finance and insurance,200209,130,216,7431
Government,200209,439,523,7431
Health care and social assistance,200209,672,427,7431
Information,200209,70,234,7431
Mining,200209,6,50,7431
Nondurable goods,200209,94,415,7431
"Other services, except government",200209,154,297,7431
Professional and business services,200209,587,1059,7431
Real estate and rental and leasing,200209,35,89,7431
Retail trade,200209,319,1023,7431
Transportation and warehousing,200209,75,261,7431
Wholesale trade,200209,104,208,7431
Accommodation and food services,200206,339,776,7444
"Arts, entertainment, and recreation",200206,50,194,7444
Construction,200206,132,738,7444
Durable goods,200206,158,804,7444
Educational services,200206,94,130,7444
Finance and insurance,200206,181,234,7444
Government,200206,417,475,7444
Health care and social assistance,200206,649,433,7444
Information,200206,72,271,7444
Mining,200206,8,32,7444
Nondurable goods,200206,99,409,7444
"Other services, except government",200206,121,321,7444
Professional and business services,200206,525,1078,7444
Real estate and rental and leasing,200206,59,104,7444
Retail trade,200206,339,988,7444
Transportation and warehousing,200206,85,267,7444
Wholesale trade,200206,120,190,7444
Accommodation and food services,200203,355,767,7399
"Arts, entertainment, and recreation",200203,74,160,7399
Construction,200203,125,805,7399
Durable goods,200203,139,819,7399
Educational services,200203,56,125,7399
Finance and insurance,200203,214,190,7399
Government,200203,440,518,7399
Health care and social assistance,200203,684,444,7399
Information,200203,96,256,7399
Mining,200203,4,30,7399
Nondurable goods,200203,102,430,7399
"Other services, except government",200203,165,297,7399
Professional and business services,200203,595,939,7399
Real estate and rental and leasing,200203,28,105,7399
Retail trade,200203,354,1036,7399
Transportation and warehousing,200203,92,285,7399
Wholesale trade,200203,171,193,7399
Accommodation and food services,200211,384,808,7438
"Arts, entertainment, and recreation",200211,45,167,7438
Construction,200211,120,828,7438
Durable goods,200211,143,754,7438
Educational services,200211,50,111,7438
Finance and insurance,200211,214,239,7438
Government,200211,461,508,7438
Health care and social assistance,200211,686,406,7438
Information,200211,71,215,7438
Mining,200211,6,34,7438
Nondurable goods,200211,94,393,7438
"Other services, except government",200211,152,293,7438
Professional and business services,200211,676,1037,7438
Real estate and rental and leasing,200211,37,105,7438
Retail trade,200211,299,1075,7438
Transportation and warehousing,200211,106,246,7438
Wholesale trade,200211,98,219,7438
Accommodation and food services,200204,353,801,7525
"Arts, entertainment, and recreation",200204,59,177,7525
Construction,200204,99,805,7525
Durable goods,200204,146,857,7525
Educational services,200204,52,106,7525
Finance and insurance,200204,184,188,7525
Government,200204,426,536,7525
Health care and social assistance,200204,657,423,7525
Information,200204,86,263,7525
Mining,200204,9,31,7525
Nondurable goods,200204,97,443,7525
"Other services, except government",200204,157,268,7525
Professional and business services,200204,534,1000,7525
Real estate and rental and leasing,200204,58,110,7525
Retail trade,200204,351,1016,7525
Transportation and warehousing,200204,108,284,7525
Wholesale trade,200204,107,217,7525
Accommodation and food services,200202,359,727,7302
"Arts, entertainment, and recreation",200202,65,160,7302
Construction,200202,107,751,7302
Durable goods,200202,146,835,7302
Educational services,200202,67,116,7302
Finance and insurance,200202,139,205,7302
Government,200202,451,574,7302
Health care and social assistance,200202,683,473,7302
Information,200202,98,269,7302
Mining,200202,16,31,7302
Nondurable goods,200202,114,387,7302
"Other services, except government",200202,147,305,7302
Professional and business services,200202,493,910,7302
Real estate and rental and leasing,200202,60,100,7302
Retail trade,200202,350,977,7302
Transportation and warehousing,200202,86,297,7302
Wholesale trade,200202,103,185,7302
Accommodation and food services,200312,405,817,7312
"Arts, entertainment, and recreation",200312,56,145,7312
Construction,200312,99,743,7312
Durable goods,200312,126,651,7312
Educational services,200312,41,159,7312
Finance and insurance,200312,168,213,7312
Government,200312,321,582,7312
Health care and social assistance,200312,484,527,7312
Information,200312,83,222,7312
Mining,200312,10,31,7312
Nondurable goods,200312,93,392,7312
"Other services, except government",200312,146,324,7312
Professional and business services,200312,616,933,7312
Real estate and rental and leasing,200312,35,105,7312
Retail trade,200312,346,978,7312
Transportation and warehousing,200312,91,286,7312
Wholesale trade,200312,169,204,7312
Accommodation and food services,200306,407,842,8109
"Arts, entertainment, and recreation",200306,72,126,8109
Construction,200306,114,875,8109
Durable goods,200306,109,826,8109
Educational services,200306,48,144,8109
Finance and insurance,200306,147,220,8109
Government,200306,429,596,8109
Health care and social assistance,200306,563,541,8109
Information,200306,68,253,8109
Mining,200306,6,31,8109
Nondurable goods,200306,85,444,8109
"Other services, except government",200306,139,350,8109
Professional and business services,200306,618,1092,8109
Real estate and rental and leasing,200306,45,104,8109
Retail trade,200306,334,1096,8109
Transportation and warehousing,200306,90,294,8109
Wholesale trade,200306,85,275,8109
Accommodation and food services,200302,287,871,7601
"Arts, entertainment, and recreation",200302,56,175,7601
Construction,200302,97,839,7601
Durable goods,200302,126,742,7601
Educational services,200302,39,133,7601
Finance and insurance,200302,145,223,7601
Government,200302,393,548,7601
Health care and social assistance,200302,571,455,7601
Information,200302,70,310,7601
Mining,200302,6,36,7601
Nondurable goods,200302,76,411,7601
"Other services, except government",200302,178,303,7601
Professional and business services,200302,770,1060,7601
Real estate and rental and leasing,200302,50,71,7601
Retail trade,200302,358,945,7601
Transportation and warehousing,200302,108,285,7601
Wholesale trade,200302,88,194,7601
Accommodation and food services,200304,352,849,7732
"Arts, entertainment, and recreation",200304,87,167,7732
Construction,200304,138,733,7732
Durable goods,200304,112,799,7732
Educational services,200304,48,164,7732
Finance and insurance,200304,194,248,7732
Government,200304,376,530,7732
Health care and social assistance,200304,577,494,7732
Information,200304,52,273,7732
Mining,200304,4,40,7732
Nondurable goods,200304,95,381,7732
"Other services, except government",200304,218,333,7732
Professional and business services,200304,520,1149,7732
Real estate and rental and leasing,200304,32,84,7732
Retail trade,200304,293,995,7732
Transportation and warehousing,200304,77,274,7732
Wholesale trade,200304,85,219,7732
Accommodation and food services,200309,342,871,7919
"Arts, entertainment, and recreation",200309,51,197,7919
Construction,200309,66,840,7919
Durable goods,200309,134,866,7919
Educational services,200309,40,142,7919
Finance and insurance,200309,158,198,7919
Government,200309,329,548,7919
Health care and social assistance,200309,511,512,7919
Information,200309,93,248,7919
Mining,200309,10,32,7919
Nondurable goods,200309,76,402,7919
"Other services, except government",200309,98,351,7919
Professional and business services,200309,649,1023,7919
Real estate and rental and leasing,200309,38,116,7919
Retail trade,200309,361,1069,7919
Transportation and warehousing,200309,82,283,7919
Wholesale trade,200309,109,221,7919
Accommodation and food services,200301,361,809,7534
"Arts, entertainment, and recreation",200301,35,175,7534
Construction,200301,115,847,7534
Durable goods,200301,131,803,7534
Educational services,200301,51,124,7534
Finance and insurance,200301,173,245,7534
Government,200301,425,576,7534
Health care and social assistance,200301,587,427,7534
Information,200301,97,238,7534
Mining,200301,6,44,7534
Nondurable goods,200301,86,385,7534
"Other services, except government",200301,147,309,7534
Professional and business services,200301,849,961,7534
Real estate and rental and leasing,200301,44,97,7534
Retail trade,200301,312,980,7534
Transportation and warehousing,200301,102,275,7534
Wholesale trade,200301,102,239,7534
Accommodation and food services,200303,331,843,7628
"Arts, entertainment, and recreation",200303,29,148,7628
Construction,200303,87,782,7628
Durable goods,200303,128,702,7628
Educational services,200303,36,134,7628
Finance and insurance,200303,145,234,7628
Government,200303,395,576,7628
Health care and social assistance,200303,552,414,7628
Information,200303,66,258,7628
Mining,200303,4,49,7628
Nondurable goods,200303,69,422,7628
"Other services, except government",200303,135,349,7628
Professional and business services,200303,659,1150,7628
Real estate and rental and leasing,200303,51,128,7628
Retail trade,200303,301,934,7628
Transportation and warehousing,200303,97,288,7628
Wholesale trade,200303,91,217,7628
Accommodation and food services,200310,372,850,7544
"Arts, entertainment, and recreation",200310,44,139,7544
Construction,200310,87,795,7544
Durable goods,200310,142,722,7544
Educational services,200310,48,129,7544
Finance and insurance,200310,172,196,7544
Government,200310,347,527,7544
Health care and social assistance,200310,579,543,7544
Information,200310,125,187,7544
Mining,200310,8,34,7544
Nondurable goods,200310,82,380,7544
"Other services, except government",200310,112,391,7544
Professional and business services,200310,597,1037,7544
Real estate and rental and leasing,200310,37,109,7544
Retail trade,200310,360,1020,7544
Transportation and warehousing,200310,94,268,7544
Wholesale trade,200310,103,217,7544
Accommodation and food services,200308,315,933,7751
"Arts, entertainment, and recreation",200308,48,142,7751
Construction,200308,108,790,7751
Durable goods,200308,145,784,7751
Educational services,200308,49,154,7751
Finance and insurance,200308,166,230,7751
Government,200308,319,596,7751
Health care and social assistance,200308,510,508,7751
Information,200308,39,222,7751
Mining,200308,5,29,7751
Nondurable goods,200308,80,456,7751
"Other services, except government",200308,122,345,7751
Professional and business services,200308,730,968,7751
Real estate and rental and leasing,200308,43,99,7751
Retail trade,200308,336,986,7751
Transportation and warehousing,200308,91,289,7751
Wholesale trade,200308,113,220,7751
Accommodation and food services,200311,368,826,7512
"Arts, entertainment, and recreation",200311,44,158,7512
Construction,200311,91,761,7512
Durable goods,200311,176,683,7512
Educational services,200311,47,156,7512
Finance and insurance,200311,186,206,7512
Government,200311,324,589,7512
Health care and social assistance,200311,539,537,7512
Information,200311,71,247,7512
Mining,200311,9,36,7512
Nondurable goods,200311,91,365,7512
"Other services, except government",200311,155,363,7512
Professional and business services,200311,614,968,7512
Real estate and rental and leasing,200311,39,113,7512
Retail trade,200311,384,972,7512
Transportation and warehousing,200311,77,295,7512
Wholesale trade,200311,124,237,7512
Accommodation and food services,200305,344,833,7929
"Arts, entertainment, and recreation",200305,34,144,7929
Construction,200305,93,851,7929
Durable goods,200305,111,815,7929
Educational services,200305,52,178,7929
Finance and insurance,200305,158,224,7929
Government,200305,338,548,7929
Health care and social assistance,200305,617,483,7929
Information,200305,50,254,7929
Mining,200305,7,43,7929
Nondurable goods,200305,91,390,7929
"Other services, except government",200305,140,366,7929
Professional and business services,200305,637,1138,7929
Real estate and rental and leasing,200305,36,93,7929
Retail trade,200305,308,1055,7929
Transportation and warehousing,200305,80,282,7929
Wholesale trade,200305,108,232,7929
Accommodation and food services,200307,289,868,7791
"Arts, entertainment, and recreation",200307,57,137,7791
Construction,200307,151,865,7791
Durable goods,200307,107,751,7791
Educational services,200307,52,133,7791
Finance and insurance,200307,156,176,7791
Government,200307,342,569,7791
Health care and social assistance,200307,524,488,7791
Information,200307,54,234,7791
Mining,200307,8,37,7791
Nondurable goods,200307,82,406,7791
"Other services, except government",200307,120,369,7791
Professional and business services,200307,709,1032,7791
Real estate and rental and leasing,200307,69,95,7791
Retail trade,200307,322,1100,7791
Transportation and warehousing,200307,89,291,7791
Wholesale trade,200307,110,240,7791
Accommodation and food services,200410,404,783,6844
"Arts, entertainment, and recreation",200410,47,126,6844
Construction,200410,159,774,6844
Durable goods,200410,184,551,6844
Educational services,200410,91,119,6844
Finance and insurance,200410,228,259,6844
Government,200410,425,592,6844
Health care and social assistance,200410,586,431,6844
Information,200410,106,188,6844
Mining,200410,9,18,6844
Nondurable goods,200410,105,378,6844
"Other services, except government",200410,169,310,6844
Professional and business services,200410,750,799,6844
Real estate and rental and leasing,200410,55,101,6844
Retail trade,200410,451,977,6844
Transportation and warehousing,200410,82,229,6844
Wholesale trade,200410,123,209,6844
Accommodation and food services,200406,417,880,7115
"Arts, entertainment, and recreation",200406,44,236,7115
Construction,200406,101,815,7115
Durable goods,200406,179,563,7115
Educational services,200406,34,129,7115
Finance and insurance,200406,170,193,7115
Government,200406,363,490,7115
Health care and social assistance,200406,495,565,7115
Information,200406,104,182,7115
Mining,200406,10,22,7115
Nondurable goods,200406,89,434,7115
"Other services, except government",200406,98,324,7115
Professional and business services,200406,729,818,7115
Real estate and rental and leasing,200406,38,112,7115
Retail trade,200406,401,959,7115
Transportation and warehousing,200406,88,223,7115
Wholesale trade,200406,147,170,7115
Accommodation and food services,200404,376,798,7108
"Arts, entertainment, and recreation",200404,39,160,7108
Construction,200404,138,814,7108
Durable goods,200404,173,600,7108
Educational services,200404,52,128,7108
Finance and insurance,200404,221,208,7108
Government,200404,372,525,7108
Health care and social assistance,200404,564,493,7108
Information,200404,93,170,7108
Mining,200404,9,35,7108
Nondurable goods,200404,92,385,7108
"Other services, except government",200404,139,353,7108
Professional and business services,200404,664,815,7108
Real estate and rental and leasing,200404,41,112,7108
Retail trade,200404,385,1056,7108
Transportation and warehousing,200404,92,235,7108
Wholesale trade,200404,130,221,7108
Accommodation and food services,200405,375,849,7071
"Arts, entertainment, and recreation",200405,64,143,7071
Construction,200405,136,779,7071
Durable goods,200405,179,594,7071
Educational services,200405,45,119,7071
Finance and insurance,200405,221,208,7071
Government,200405,394,536,7071
Health care and social assistance,200405,571,488,7071
Information,200405,114,193,7071
Mining,200405,10,24,7071
Nondurable goods,200405,110,409,7071
"Other services, except government",200405,168,327,7071
Professional and business services,200405,674,845,7071
Real estate and rental and leasing,200405,39,90,7071
Retail trade,200405,426,967,7071
Transportation and warehousing,200405,93,246,7071
Wholesale trade,200405,120,254,7071
Accommodation and food services,200411,369,794,6775
"Arts, entertainment, and recreation",200411,56,113,6775
Construction,200411,145,774,6775
Durable goods,200411,166,546,6775
Educational services,200411,53,114,6775
Finance and insurance,200411,207,204,6775
Government,200411,386,560,6775
Health care and social assistance,200411,575,474,6775
Information,200411,60,176,6775
Mining,200411,10,21,6775
Nondurable goods,200411,90,361,6775
"Other services, except government",200411,156,294,6775
Professional and business services,200411,594,908,6775
Real estate and rental and leasing,200411,46,98,6775
Retail trade,200411,323,916,6775
Transportation and warehousing,200411,94,237,6775
Wholesale trade,200411,138,185,6775
Accommodation and food services,200407,429,817,6880
"Arts, entertainment, and recreation",200407,45,134,6880
Construction,200407,116,765,6880
Durable goods,200407,171,611,6880
Educational services,200407,53,125,6880
Finance and insurance,200407,250,197,6880
Government,200407,382,559,6880
Health care and social assistance,200407,557,529,6880
Information,200407,103,186,6880
Mining,200407,10,23,6880
Nondurable goods,200407,106,378,6880
"Other services, except government",200407,195,319,6880
Professional and business services,200407,766,795,6880
Real estate and rental and leasing,200407,44,99,6880
Retail trade,200407,428,948,6880
Transportation and warehousing,200407,104,230,6880
Wholesale trade,200407,148,165,6880
Accommodation and food services,200412,396,799,6831
"Arts, entertainment, and recreation",200412,73,116,6831
Construction,200412,155,792,6831
Durable goods,200412,182,533,6831
Educational services,200412,62,136,6831
Finance and insurance,200412,251,236,6831
Government,200412,417,566,6831
Health care and social assistance,200412,579,479,6831
Information,200412,117,179,6831
Mining,200412,15,15,6831
Nondurable goods,200412,94,355,6831
"Other services, except government",200412,156,315,6831
Professional and business services,200412,704,850,6831
Real estate and rental and leasing,200412,50,86,6831
Retail trade,200412,414,955,6831
Transportation and warehousing,200412,91,224,6831
Wholesale trade,200412,164,195,6831
Accommodation and food services,200408,426,864,6829
"Arts, entertainment, and recreation",200408,77,173,6829
Construction,200408,129,685,6829
Durable goods,200408,170,561,6829
Educational services,200408,51,143,6829
Finance and insurance,200408,231,203,6829
Government,200408,361,536,6829
Health care and social assistance,200408,558,425,6829
Information,200408,92,188,6829
Mining,200408,9,14,6829
Nondurable goods,200408,113,318,6829
"Other services, except government",200408,141,318,6829
Professional and business services,200408,676,927,6829
Real estate and rental and leasing,200408,50,96,6829
Retail trade,200408,431,929,6829
Transportation and warehousing,200408,83,264,6829
Wholesale trade,200408,135,185,6829
Accommodation and food services,200409,397,785,6828
"Arts, entertainment, and recreation",200409,66,152,6828
Construction,200409,119,765,6828
Durable goods,200409,170,560,6828
Educational services,200409,51,109,6828
Finance and insurance,200409,273,249,6828
Government,200409,370,559,6828
Health care and social assistance,200409,559,478,6828
Information,200409,93,175,6828
Mining,200409,10,11,6828
Nondurable goods,200409,103,351,6828
"Other services, except government",200409,128,305,6828
Professional and business services,200409,704,787,6828
Real estate and rental and leasing,200409,60,134,6828
Retail trade,200409,479,936,6828
Transportation and warehousing,200409,75,231,6828
Wholesale trade,200409,145,241,6828
Accommodation and food services,200401,362,843,7310
"Arts, entertainment, and recreation",200401,65,176,7310
Construction,200401,151,715,7310
Durable goods,200401,141,634,7310
Educational services,200401,43,140,7310
Finance and insurance,200401,214,301,7310
Government,200401,422,516,7310
Health care and social assistance,200401,591,517,7310
Information,200401,75,231,7310
Mining,200401,8,24,7310
Nondurable goods,200401,94,396,7310
"Other services, except government",200401,162,325,7310
Professional and business services,200401,588,927,7310
Real estate and rental and leasing,200401,61,120,7310
Retail trade,200401,349,1061,7310
Transportation and warehousing,200401,89,202,7310
Wholesale trade,200401,116,182,7310
Accommodation and food services,200402,385,806,7187
"Arts, entertainment, and recreation",200402,60,106,7187
Construction,200402,114,751,7187
Durable goods,200402,134,657,7187
Educational services,200402,45,142,7187
Finance and insurance,200402,224,249,7187
Government,200402,360,559,7187
Health care and social assistance,200402,557,489,7187
Information,200402,82,186,7187
Mining,200402,5,21,7187
Nondurable goods,200402,90,363,7187
"Other services, except government",200402,168,343,7187
Professional and business services,200402,650,888,7187
Real estate and rental and leasing,200402,41,98,7187
Retail trade,200402,390,1031,7187
Transportation and warehousing,200402,85,263,7187
Wholesale trade,200402,87,235,7187
Accommodation and food services,200403,391,844,7512
"Arts, entertainment, and recreation",200403,44,159,7512
Construction,200403,128,798,7512
Durable goods,200403,162,645,7512
Educational services,200403,51,119,7512
Finance and insurance,200403,207,239,7512
Government,200403,364,585,7512
Health care and social assistance,200403,560,492,7512
Information,200403,84,212,7512
Mining,200403,10,23,7512
Nondurable goods,200403,89,364,7512
"Other services, except government",200403,176,350,7512
Professional and business services,200403,589,957,7512
Real estate and rental and leasing,200403,29,103,7512
Retail trade,200403,387,1085,7512
Transportation and warehousing,200403,135,255,7512
Wholesale trade,200403,103,282,7512
Accommodation and food services,200501,460,797,6667
"Arts, entertainment, and recreation",200501,63,117,6667
Construction,200501,167,792,6667
Durable goods,200501,200,512,6667
Educational services,200501,63,143,6667
Finance and insurance,200501,229,180,6667
Government,200501,384,561,6667
Health care and social assistance,200501,566,468,6667
Information,200501,101,162,6667
Mining,200501,12,22,6667
Nondurable goods,200501,93,327,6667
"Other services, except government",200501,166,291,6667
Professional and business services,200501,686,831,6667
Real estate and rental and leasing,200501,49,81,6667
Retail trade,200501,445,979,6667
Transportation and warehousing,200501,95,231,6667
Wholesale trade,200501,113,173,6667
Accommodation and food services,200512,494,824,6230
"Arts, entertainment, and recreation",200512,59,163,6230
Construction,200512,182,742,6230
Durable goods,200512,256,467,6230
Educational services,200512,69,94,6230
Finance and insurance,200512,321,148,6230
Government,200512,454,447,6230
Health care and social assistance,200512,608,478,6230
Information,200512,112,136,6230
Mining,200512,14,22,6230
Nondurable goods,200512,109,302,6230
"Other services, except government",200512,95,300,6230
Professional and business services,200512,862,761,6230
Real estate and rental and leasing,200512,84,76,6230
Retail trade,200512,468,881,6230
Transportation and warehousing,200512,129,224,6230
Wholesale trade,200512,137,165,6230
Accommodation and food services,200511,477,810,6450
"Arts, entertainment, and recreation",200511,68,145,6450
Construction,200511,201,629,6450
Durable goods,200511,255,484,6450
Educational services,200511,76,138,6450
Finance and insurance,200511,290,189,6450
Government,200511,403,539,6450
Health care and social assistance,200511,589,562,6450
Information,200511,121,162,6450
Mining,200511,15,19,6450
Nondurable goods,200511,141,334,6450
"Other services, except government",200511,116,293,6450
Professional and business services,200511,848,757,6450
Real estate and rental and leasing,200511,59,93,6450
Retail trade,200511,553,929,6450
Transportation and warehousing,200511,124,222,6450
Wholesale trade,200511,160,145,6450
Accommodation and food services,200509,451,773,6607
"Arts, entertainment, and recreation",200509,45,158,6607
Construction,200509,158,689,6607
Durable goods,200509,227,476,6607
Educational services,200509,84,130,6607
Finance and insurance,200509,244,194,6607
Government,200509,428,555,6607
Health care and social assistance,200509,610,509,6607
Information,200509,147,164,6607
Mining,200509,18,16,6607
Nondurable goods,200509,102,350,6607
"Other services, except government",200509,176,304,6607
Professional and business services,200509,817,906,6607
Real estate and rental and leasing,200509,89,72,6607
Retail trade,200509,397,922,6607
Transportation and warehousing,200509,133,234,6607
Wholesale trade,200509,145,155,6607
Accommodation and food services,200505,437,779,6527
"Arts, entertainment, and recreation",200505,59,178,6527
Construction,200505,135,651,6527
Durable goods,200505,196,451,6527
Educational services,200505,75,122,6527
Finance and insurance,200505,152,183,6527
Government,200505,379,519,6527
Health care and social assistance,200505,613,567,6527
Information,200505,100,145,6527
Mining,200505,14,17,6527
Nondurable goods,200505,84,315,6527
"Other services, except government",200505,124,328,6527
Professional and business services,200505,788,754,6527
Real estate and rental and leasing,200505,64,103,6527
Retail trade,200505,407,999,6527
Transportation and warehousing,200505,133,235,6527
Wholesale trade,200505,150,181,6527
Accommodation and food services,200506,445,756,6425
"Arts, entertainment, and recreation",200506,80,126,6425
Construction,200506,139,676,6425
Durable goods,200506,184,477,6425
Educational services,200506,76,129,6425
Finance and insurance,200506,247,203,6425
Government,200506,388,575,6425
Health care and social assistance,200506,579,470,6425
Information,200506,109,168,6425
Mining,200506,12,20,6425
Nondurable goods,200506,108,306,6425
"Other services, except government",200506,144,293,6425
Professional and business services,200506,887,747,6425
Real estate and rental and leasing,200506,65,84,6425
Retail trade,200506,414,956,6425
Transportation and warehousing,200506,134,242,6425
Wholesale trade,200506,141,197,6425
Accommodation and food services,200504,523,765,6544
"Arts, entertainment, and recreation",200504,76,153,6544
Construction,200504,138,666,6544
Durable goods,200504,210,451,6544
Educational services,200504,64,121,6544
Finance and insurance,200504,241,164,6544
Government,200504,392,586,6544
Health care and social assistance,200504,585,494,6544
Information,200504,118,181,6544
Mining,200504,11,20,6544
Nondurable goods,200504,84,323,6544
"Other services, except government",200504,153,317,6544
Professional and business services,200504,792,786,6544
Real estate and rental and leasing,200504,77,98,6544
Retail trade,200504,470,974,6544
Transportation and warehousing,200504,116,250,6544
Wholesale trade,200504,146,195,6544
Accommodation and food services,200510,431,732,6392
"Arts, entertainment, and recreation",200510,67,121,6392
Construction,200510,186,628,6392
Durable goods,200510,202,505,6392
Educational services,200510,76,143,6392
Finance and insurance,200510,302,160,6392
Government,200510,396,531,6392
Health care and social assistance,200510,588,511,6392
Information,200510,100,165,6392
Mining,200510,17,3,6392
Nondurable goods,200510,83,331,6392
"Other services, except government",200510,228,333,6392
Professional and business services,200510,823,767,6392
Real estate and rental and leasing,200510,49,97,6392
Retail trade,200510,454,918,6392
Transportation and warehousing,200510,124,268,6392
Wholesale trade,200510,182,179,6392
Accommodation and food services,200502,442,794,6881
"Arts, entertainment, and recreation",200502,62,139,6881
Construction,200502,144,845,6881
Durable goods,200502,189,491,6881
Educational services,200502,38,170,6881
Finance and insurance,200502,218,204,6881
Government,200502,375,540,6881
Health care and social assistance,200502,576,491,6881
Information,200502,94,196,6881
Mining,200502,11,22,6881
Nondurable goods,200502,96,333,6881
"Other services, except government",200502,128,309,6881
Professional and business services,200502,685,836,6881
Real estate and rental and leasing,200502,61,82,6881
Retail trade,200502,443,988,6881
Transportation and warehousing,200502,111,220,6881
Wholesale trade,200502,159,221,6881
Accommodation and food services,200508,415,713,6353
"Arts, entertainment, and recreation",200508,63,150,6353
Construction,200508,156,686,6353
Durable goods,200508,208,473,6353
Educational services,200508,67,112,6353
Finance and insurance,200508,267,190,6353
Government,200508,398,523,6353
Health care and social assistance,200508,601,467,6353
Information,200508,112,152,6353
Mining,200508,13,15,6353
Nondurable goods,200508,92,332,6353
"Other services, except government",200508,149,284,6353
Professional and business services,200508,827,791,6353
Real estate and rental and leasing,200508,53,100,6353
Retail trade,200508,423,976,6353
Transportation and warehousing,200508,116,206,6353
Wholesale trade,200508,140,183,6353
Accommodation and food services,200503,433,794,6629
"Arts, entertainment, and recreation",200503,60,152,6629
Construction,200503,151,752,6629
Durable goods,200503,179,488,6629
Educational services,200503,67,149,6629
Finance and insurance,200503,215,168,6629
Government,200503,372,519,6629
Health care and social assistance,200503,605,499,6629
Information,200503,96,177,6629
Mining,200503,16,33,6629
Nondurable goods,200503,105,339,6629
"Other services, except government",200503,170,299,6629
Professional and business services,200503,736,765,6629
Real estate and rental and leasing,200503,24,89,6629
Retail trade,200503,461,971,6629
Transportation and warehousing,200503,106,239,6629
Wholesale trade,200503,134,196,6629
Accommodation and food services,200507,420,768,6375
"Arts, entertainment, and recreation",200507,104,148,6375
Construction,200507,160,628,6375
Durable goods,200507,213,539,6375
Educational services,200507,63,114,6375
Finance and insurance,200507,264,212,6375
Government,200507,414,512,6375
Health care and social assistance,200507,636,456,6375
Information,200507,108,154,6375
Mining,200507,12,18,6375
Nondurable goods,200507,107,318,6375
"Other services, except government",200507,158,256,6375
Professional and business services,200507,813,809,6375
Real estate and rental and leasing,200507,57,90,6375
Retail trade,200507,419,940,6375
Transportation and warehousing,200507,119,217,6375
Wholesale trade,200507,148,196,6375
Accommodation and food services,200603,499,744,6060
"Arts, entertainment, and recreation",200603,68,163,6060
Construction,200603,191,641,6060
Durable goods,200603,264,394,6060
Educational services,200603,87,109,6060
Finance and insurance,200603,297,206,6060
Government,200603,440,514,6060
Health care and social assistance,200603,660,478,6060
Information,200603,133,118,6060
Mining,200603,20,14,6060
Nondurable goods,200603,124,270,6060
"Other services, except government",200603,207,293,6060
Professional and business services,200603,801,775,6060
Real estate and rental and leasing,200603,65,82,6060
Retail trade,200603,431,885,6060
Transportation and warehousing,200603,125,236,6060
Wholesale trade,200603,189,138,6060
Accommodation and food services,200612,553,590,5795
"Arts, entertainment, and recreation",200612,67,144,5795
Construction,200612,122,663,5795
Durable goods,200612,245,403,5795
Educational services,200612,72,99,5795
Finance and insurance,200612,209,138,5795
Government,200612,461,450,5795
Health care and social assistance,200612,690,443,5795
Information,200612,196,118,5795
Mining,200612,13,24,5795
Nondurable goods,200612,126,269,5795
"Other services, except government",200612,227,335,5795
Professional and business services,200612,703,770,5795
Real estate and rental and leasing,200612,74,107,5795
Retail trade,200612,547,870,5795
Transportation and warehousing,200612,169,210,5795
Wholesale trade,200612,197,162,5795
Accommodation and food services,200608,522,731,6053
"Arts, entertainment, and recreation",200608,49,142,6053
Construction,200608,207,761,6053
Durable goods,200608,214,439,6053
Educational services,200608,68,124,6053
Finance and insurance,200608,227,174,6053
Government,200608,467,465,6053
Health care and social assistance,200608,707,424,6053
Information,200608,178,127,6053
Mining,200608,23,38,6053
Nondurable goods,200608,124,276,6053
"Other services, except government",200608,190,317,6053
Professional and business services,200608,736,727,6053
Real estate and rental and leasing,200608,66,80,6053
Retail trade,200608,433,855,6053
Transportation and warehousing,200608,150,236,6053
Wholesale trade,200608,167,137,6053
Accommodation and food services,200606,457,734,6012
"Arts, entertainment, and recreation",200606,58,149,6012
Construction,200606,189,685,6012
Durable goods,200606,233,398,6012
Educational services,200606,43,109,6012
Finance and insurance,200606,278,201,6012
Government,200606,466,486,6012
Health care and social assistance,200606,677,455,6012
Information,200606,145,117,6012
Mining,200606,20,24,6012
Nondurable goods,200606,124,272,6012
"Other services, except government",200606,186,266,6012
Professional and business services,200606,701,759,6012
Real estate and rental and leasing,200606,92,84,6012
Retail trade,200606,420,906,6012
Transportation and warehousing,200606,146,220,6012
Wholesale trade,200606,152,147,6012
Accommodation and food services,200605,503,690,6069
"Arts, entertainment, and recreation",200605,55,144,6069
Construction,200605,168,726,6069
Durable goods,200605,205,389,6069
Educational services,200605,68,103,6069
Finance and insurance,200605,290,197,6069
Government,200605,448,495,6069
Health care and social assistance,200605,624,473,6069
Information,200605,139,158,6069
Mining,200605,17,21,6069
Nondurable goods,200605,111,301,6069
"Other services, except government",200605,183,275,6069
Professional and business services,200605,928,717,6069
Real estate and rental and leasing,200605,59,89,6069
Retail trade,200605,471,905,6069
Transportation and warehousing,200605,171,237,6069
Wholesale trade,200605,159,149,6069
Accommodation and food services,200602,517,797,6159
"Arts, entertainment, and recreation",200602,45,168,6159
Construction,200602,144,621,6159
Durable goods,200602,267,439,6159
Educational services,200602,81,106,6159
Finance and insurance,200602,328,166,6159
Government,200602,427,541,6159
Health care and social assistance,200602,653,459,6159
Information,200602,116,113,6159
Mining,200602,16,22,6159
Nondurable goods,200602,110,319,6159
"Other services, except government",200602,79,268,6159
Professional and business services,200602,832,760,6159
Real estate and rental and leasing,200602,49,85,6159
Retail trade,200602,422,913,6159
Transportation and warehousing,200602,113,232,6159
Wholesale trade,200602,156,150,6159
Accommodation and food services,200611,644,686,5900
"Arts, entertainment, and recreation",200611,83,141,5900
Construction,200611,134,685,5900
Durable goods,200611,218,425,5900
Educational services,200611,70,122,5900
Finance and insurance,200611,245,150,5900
Government,200611,464,437,5900
Health care and social assistance,200611,708,436,5900
Information,200611,189,132,5900
Mining,200611,17,24,5900
Nondurable goods,200611,121,275,5900
"Other services, except government",200611,166,295,5900
Professional and business services,200611,785,713,5900
Real estate and rental and leasing,200611,64,92,5900
Retail trade,200611,424,943,5900
Transportation and warehousing,200611,161,208,5900
Wholesale trade,200611,182,136,5900
Accommodation and food services,200607,491,704,6182
"Arts, entertainment, and recreation",200607,72,154,6182
Construction,200607,204,769,6182
Durable goods,200607,213,416,6182
Educational services,200607,67,125,6182
Finance and insurance,200607,200,231,6182
Government,200607,494,492,6182
Health care and social assistance,200607,585,467,6182
Information,200607,167,110,6182
Mining,200607,13,22,6182
Nondurable goods,200607,108,309,6182
"Other services, except government",200607,193,291,6182
Professional and business services,200607,624,742,6182
Real estate and rental and leasing,200607,67,95,6182
Retail trade,200607,388,877,6182
Transportation and warehousing,200607,137,230,6182
Wholesale trade,200607,173,148,6182
Accommodation and food services,200601,498,677,5959
"Arts, entertainment, and recreation",200601,67,148,5959
Construction,200601,157,650,5959
Durable goods,200601,245,428,5959
Educational services,200601,68,113,5959
Finance and insurance,200601,289,142,5959
Government,200601,364,461,5959
Health care and social assistance,200601,626,482,5959
Information,200601,139,100,5959
Mining,200601,13,20,5959
Nondurable goods,200601,85,316,5959
"Other services, except government",200601,92,306,5959
Professional and business services,200601,833,717,5959
Real estate and rental and leasing,200601,145,97,5959
Retail trade,200601,451,900,5959
Transportation and warehousing,200601,96,243,5959
Wholesale trade,200601,166,159,5959
Accommodation and food services,200609,435,773,5945
"Arts, entertainment, and recreation",200609,119,124,5945
Construction,200609,174,703,5945
Durable goods,200609,226,389,5945
Educational services,200609,86,127,5945
Finance and insurance,200609,207,135,5945
Government,200609,483,385,5945
Health care and social assistance,200609,701,424,5945
Information,200609,173,163,5945
Mining,200609,18,19,5945
Nondurable goods,200609,122,281,5945
"Other services, except government",200609,236,302,5945
Professional and business services,200609,720,773,5945
Real estate and rental and leasing,200609,49,107,5945
Retail trade,200609,458,898,5945
Transportation and warehousing,200609,170,201,5945
Wholesale trade,200609,245,141,5945
Accommodation and food services,200610,517,696,5703
"Arts, entertainment, and recreation",200610,84,152,5703
Construction,200610,180,545,5703
Durable goods,200610,237,380,5703
Educational services,200610,69,118,5703
Finance and insurance,200610,243,166,5703
Government,200610,456,451,5703
Health care and social assistance,200610,766,426,5703
Information,200610,167,119,5703
Mining,200610,18,21,5703
Nondurable goods,200610,133,262,5703
"Other services, except government",200610,164,281,5703
Professional and business services,200610,779,791,5703
Real estate and rental and leasing,200610,62,48,5703
Retail trade,200610,429,903,5703
Transportation and warehousing,200610,170,225,5703
Wholesale trade,200610,198,119,5703
Accommodation and food services,200604,515,778,6108
"Arts, entertainment, and recreation",200604,70,142,6108
Construction,200604,188,650,6108
Durable goods,200604,248,414,6108
Educational services,200604,67,118,6108
Finance and insurance,200604,360,219,6108
Government,200604,440,513,6108
Health care and social assistance,200604,671,461,6108
Information,200604,183,134,6108
Mining,200604,19,18,6108
Nondurable goods,200604,131,309,6108
"Other services, except government",200604,150,281,6108
Professional and business services,200604,732,711,6108
Real estate and rental and leasing,200604,56,81,6108
Retail trade,200604,466,869,6108
Transportation and warehousing,200604,175,263,6108
Wholesale trade,200604,182,147,6108
Accommodation and food services,200702,470,645,5972
"Arts, entertainment, and recreation",200702,76,173,5972
Construction,200702,285,818,5972
Durable goods,200702,247,451,5972
Educational services,200702,64,124,5972
Finance and insurance,200702,210,158,5972
Government,200702,458,464,5972
Health care and social assistance,200702,618,406,5972
Information,200702,200,134,5972
Mining,200702,16,30,5972
Nondurable goods,200702,125,263,5972
"Other services, except government",200702,242,244,5972
Professional and business services,200702,655,744,5972
Real estate and rental and leasing,200702,53,115,5972
Retail trade,200702,431,849,5972
Transportation and warehousing,200702,172,222,5972
Wholesale trade,200702,144,132,5972
Accommodation and food services,200712,567,825,6601
"Arts, entertainment, and recreation",200712,47,172,6601
Construction,200712,136,889,6601
Durable goods,200712,162,470,6601
Educational services,200712,69,141,6601
Finance and insurance,200712,207,240,6601
Government,200712,460,514,6601
Health care and social assistance,200712,700,427,6601
Information,200712,98,138,6601
Mining,200712,19,23,6601
Nondurable goods,200712,138,314,6601
"Other services, except government",200712,141,254,6601
Professional and business services,200712,746,793,6601
Real estate and rental and leasing,200712,84,94,6601
Retail trade,200712,420,955,6601
Transportation and warehousing,200712,141,229,6601
Wholesale trade,200712,248,123,6601
Accommodation and food services,200704,491,695,5922
"Arts, entertainment, and recreation",200704,88,164,5922
Construction,200704,188,822,5922
Durable goods,200704,230,464,5922
Educational services,200704,67,152,5922
Finance and insurance,200704,162,169,5922
Government,200704,439,509,5922
Health care and social assistance,200704,695,437,5922
Information,200704,175,78,5922
Mining,200704,18,17,5922
Nondurable goods,200704,142,261,5922
"Other services, except government",200704,208,242,5922
Professional and business services,200704,809,755,5922
Real estate and rental and leasing,200704,74,66,5922
Retail trade,200704,409,785,5922
Transportation and warehousing,200704,175,181,5922
Wholesale trade,200704,288,125,5922
Accommodation and food services,200711,606,823,6166
"Arts, entertainment, and recreation",200711,104,162,6166
Construction,200711,125,704,6166
Durable goods,200711,193,446,6166
Educational services,200711,65,133,6166
Finance and insurance,200711,198,192,6166
Government,200711,484,526,6166
Health care and social assistance,200711,659,421,6166
Information,200711,105,132,6166
Mining,200711,20,18,6166
Nondurable goods,200711,137,320,6166
"Other services, except government",200711,217,244,6166
Professional and business services,200711,775,745,6166
Real estate and rental and leasing,200711,51,85,6166
Retail trade,200711,429,796,6166
Transportation and warehousing,200711,180,278,6166
Wholesale trade,200711,165,141,6166
Accommodation and food services,200706,520,698,5952
"Arts, entertainment, and recreation",200706,71,170,5952
Construction,200706,167,719,5952
Durable goods,200706,231,423,5952
Educational services,200706,80,170,5952
Finance and insurance,200706,208,223,5952
Government,200706,460,480,5952
Health care and social assistance,200706,710,409,5952
Information,200706,166,115,5952
Mining,200706,11,26,5952
Nondurable goods,200706,127,264,5952
"Other services, except government",200706,271,255,5952
Professional and business services,200706,812,728,5952
Real estate and rental and leasing,200706,68,71,5952
Retail trade,200706,444,832,5952
Transportation and warehousing,200706,139,240,5952
Wholesale trade,200706,210,129,5952
Accommodation and food services,200705,515,716,5852
"Arts, entertainment, and recreation",200705,59,110,5852
Construction,200705,182,741,5852
Durable goods,200705,221,454,5852
Educational services,200705,62,185,5852
Finance and insurance,200705,239,191,5852
Government,200705,470,498,5852
Health care and social assistance,200705,705,478,5852
Information,200705,172,108,5852
Mining,200705,14,24,5852
Nondurable goods,200705,152,203,5852
"Other services, except government",200705,173,252,5852
Professional and business services,200705,806,763,5852
Real estate and rental and leasing,200705,55,87,5852
Retail trade,200705,378,691,5852
Transportation and warehousing,200705,148,225,5852
Wholesale trade,200705,195,126,5852
Accommodation and food services,200710,570,854,6081
"Arts, entertainment, and recreation",200710,70,119,6081
Construction,200710,143,753,6081
Durable goods,200710,172,455,6081
Educational services,200710,74,114,6081
Finance and insurance,200710,213,202,6081
Government,200710,459,524,6081
Health care and social assistance,200710,688,425,6081
Information,200710,109,125,6081
Mining,200710,13,12,6081
Nondurable goods,200710,121,305,6081
"Other services, except government",200710,231,190,6081
Professional and business services,200710,770,696,6081
Real estate and rental and leasing,200710,76,113,6081
Retail trade,200710,363,814,6081
Transportation and warehousing,200710,159,242,6081
Wholesale trade,200710,215,138,6081
Accommodation and food services,200703,516,685,5713
"Arts, entertainment, and recreation",200703,67,159,5713
Construction,200703,203,723,5713
Durable goods,200703,249,436,5713
Educational services,200703,60,138,5713
Finance and insurance,200703,255,128,5713
Government,200703,450,470,5713
Health care and social assistance,200703,665,389,5713
Information,200703,175,113,5713
Mining,200703,17,23,5713
Nondurable goods,200703,136,269,5713
"Other services, except government",200703,165,229,5713
Professional and business services,200703,863,721,5713
Real estate and rental and leasing,200703,63,111,5713
Retail trade,200703,422,736,5713
Transportation and warehousing,200703,182,225,5713
Wholesale trade,200703,238,158,5713
Accommodation and food services,200709,570,782,6221
"Arts, entertainment, and recreation",200709,71,203,6221
Construction,200709,121,715,6221
Durable goods,200709,185,434,6221
Educational services,200709,83,101,6221
Finance and insurance,200709,254,203,6221
Government,200709,445,508,6221
Health care and social assistance,200709,760,493,6221
Information,200709,121,118,6221
Mining,200709,13,31,6221
Nondurable goods,200709,138,278,6221
"Other services, except government",200709,203,249,6221
Professional and business services,200709,754,687,6221
Real estate and rental and leasing,200709,44,123,6221
Retail trade,200709,415,885,6221
Transportation and warehousing,200709,165,244,6221
Wholesale trade,200709,178,167,6221
Accommodation and food services,200708,553,747,6069
"Arts, entertainment, and recreation",200708,60,146,6069
Construction,200708,155,689,6069
Durable goods,200708,210,352,6069
Educational services,200708,77,128,6069
Finance and insurance,200708,261,228,6069
Government,200708,485,540,6069
Health care and social assistance,200708,712,455,6069
Information,200708,122,134,6069
Mining,200708,11,36,6069
Nondurable goods,200708,112,279,6069
"Other services, except government",200708,152,221,6069
Professional and business services,200708,794,717,6069
Real estate and rental and leasing,200708,72,135,6069
Retail trade,200708,408,891,6069
Transportation and warehousing,200708,163,220,6069
Wholesale trade,200708,227,151,6069
Accommodation and food services,200707,556,739,6145
"Arts, entertainment, and recreation",200707,60,171,6145
Construction,200707,180,739,6145
Durable goods,200707,230,356,6145
Educational services,200707,60,167,6145
Finance and insurance,200707,242,208,6145
Government,200707,451,523,6145
Health care and social assistance,200707,678,412,6145
Information,200707,157,116,6145
Mining,200707,13,31,6145
Nondurable goods,200707,144,263,6145
"Other services, except government",200707,149,236,6145
Professional and business services,200707,724,756,6145
Real estate and rental and leasing,200707,71,102,6145
Retail trade,200707,441,897,6145
Transportation and warehousing,200707,159,296,6145
Wholesale trade,200707,208,133,6145
Accommodation and food services,200701,483,656,5986
"Arts, entertainment, and recreation",200701,76,163,5986
Construction,200701,294,708,5986
Durable goods,200701,230,501,5986
Educational services,200701,59,131,5986
Finance and insurance,200701,217,141,5986
Government,200701,442,480,5986
Health care and social assistance,200701,691,438,5986
Information,200701,166,134,5986
Mining,200701,15,28,5986
Nondurable goods,200701,145,222,5986
"Other services, except government",200701,197,269,5986
Professional and business services,200701,777,773,5986
Real estate and rental and leasing,200701,46,99,5986
Retail trade,200701,460,864,5986
Transportation and warehousing,200701,186,212,5986
Wholesale trade,200701,212,167,5986
Accommodation and food services,200808,341,945,8119
"Arts, entertainment, and recreation",200808,51,201,8119
Construction,200808,84,1007,8119
Durable goods,200808,143,652,8119
Educational services,200808,66,206,8119
Finance and insurance,200808,146,276,8119
Government,200808,461,558,8119
Health care and social assistance,200808,605,542,8119
Information,200808,87,138,8119
Mining,200808,27,17,8119
Nondurable goods,200808,109,362,8119
"Other services, except government",200808,202,385,8119
Professional and business services,200808,624,997,8119
Real estate and rental and leasing,200808,37,125,8119
Retail trade,200808,356,1189,8119
Transportation and warehousing,200808,108,326,8119
Wholesale trade,200808,90,193,8119
Accommodation and food services,200807,363,947,7606
"Arts, entertainment, and recreation",200807,50,210,7606
Construction,200807,102,929,7606
Durable goods,200807,133,588,7606
Educational services,200807,81,170,7606
Finance and insurance,200807,136,235,7606
Government,200807,415,570,7606
Health care and social assistance,200807,624,517,7606
Information,200807,70,139,7606
Mining,200807,24,13,7606
Nondurable goods,200807,99,321,7606
"Other services, except government",200807,198,349,7606
Professional and business services,200807,625,890,7606
Real estate and rental and leasing,200807,61,122,7606
Retail trade,200807,351,1085,7606
Transportation and warehousing,200807,120,343,7606
Wholesale trade,200807,102,178,7606
Accommodation and food services,200812,287,1075,9824
"Arts, entertainment, and recreation",200812,38,174,9824
Construction,200812,74,1318,9824
Durable goods,200812,85,857,9824
Educational services,200812,65,269,9824
Finance and insurance,200812,139,367,9824
Government,200812,337,584,9824
Health care and social assistance,200812,560,596,9824
Information,200812,57,243,9824
Mining,200812,18,43,9824
Nondurable goods,200812,71,475,9824
"Other services, except government",200812,200,395,9824
Professional and business services,200812,531,1154,9824
Real estate and rental and leasing,200812,44,194,9824
Retail trade,200812,299,1386,9824
Transportation and warehousing,200812,78,455,9824
Wholesale trade,200812,73,239,9824
Accommodation and food services,200811,274,1014,9238
"Arts, entertainment, and recreation",200811,32,273,9238
Construction,200811,71,1335,9238
Durable goods,200811,95,753,9238
Educational services,200811,70,228,9238
Finance and insurance,200811,118,340,9238
Government,200811,375,576,9238
Health care and social assistance,200811,556,565,9238
Information,200811,63,179,9238
Mining,200811,13,35,9238
Nondurable goods,200811,73,416,9238
"Other services, except government",200811,186,417,9238
Professional and business services,200811,529,1092,9238
Real estate and rental and leasing,200811,57,179,9238
Retail trade,200811,395,1214,9238
Transportation and warehousing,200811,76,379,9238
Wholesale trade,200811,85,243,9238
Accommodation and food services,200805,470,880,7044
"Arts, entertainment, and recreation",200805,65,187,7044
Construction,200805,140,868,7044
Durable goods,200805,168,570,7044
Educational services,200805,59,196,7044
Finance and insurance,200805,140,235,7044
Government,200805,447,539,7044
Health care and social assistance,200805,662,462,7044
Information,200805,89,166,7044
Mining,200805,20,31,7044
Nondurable goods,200805,115,306,7044
"Other services, except government",200805,210,285,7044
Professional and business services,200805,669,842,7044
Real estate and rental and leasing,200805,69,124,7044
Retail trade,200805,368,898,7044
Transportation and warehousing,200805,103,281,7044
Wholesale trade,200805,158,174,7044
Accommodation and food services,200802,477,828,6429
"Arts, entertainment, and recreation",200802,71,162,6429
Construction,200802,135,851,6429
Durable goods,200802,152,443,6429
Educational services,200802,54,175,6429
Finance and insurance,200802,185,194,6429
Government,200802,427,427,6429
Health care and social assistance,200802,711,437,6429
Information,200802,76,189,6429
Mining,200802,19,15,6429
Nondurable goods,200802,126,318,6429
"Other services, except government",200802,124,295,6429
Professional and business services,200802,753,785,6429
Real estate and rental and leasing,200802,50,103,6429
Retail trade,200802,364,836,6429
Transportation and warehousing,200802,144,254,6429
Wholesale trade,200802,178,117,6429
Accommodation and food services,200806,399,922,7287
"Arts, entertainment, and recreation",200806,48,180,7287
Construction,200806,111,926,7287
Durable goods,200806,153,559,7287
Educational services,200806,54,130,7287
Finance and insurance,200806,147,190,7287
Government,200806,422,546,7287
Health care and social assistance,200806,659,487,7287
Information,200806,90,155,7287
Mining,200806,22,24,7287
Nondurable goods,200806,100,338,7287
"Other services, except government",200806,129,316,7287
Professional and business services,200806,709,902,7287
Real estate and rental and leasing,200806,42,138,7287
Retail trade,200806,305,976,7287
Transportation and warehousing,200806,114,329,7287
Wholesale trade,200806,134,169,7287
Accommodation and food services,200810,315,934,8670
"Arts, entertainment, and recreation",200810,42,254,8670
Construction,200810,62,1246,8670
Durable goods,200810,115,654,8670
Educational services,200810,59,228,8670
Finance and insurance,200810,100,323,8670
Government,200810,394,590,8670
Health care and social assistance,200810,551,569,8670
Information,200810,77,179,8670
Mining,200810,15,19,8670
Nondurable goods,200810,95,398,8670
"Other services, except government",200810,146,341,8670
Professional and business services,200810,547,1085,8670
Real estate and rental and leasing,200810,31,121,8670
Retail trade,200810,345,1135,8670
Transportation and warehousing,200810,104,355,8670
Wholesale trade,200810,72,239,8670
Accommodation and food services,200809,334,920,8266
"Arts, entertainment, and recreation",200809,37,211,8266
Construction,200809,108,1162,8266
Durable goods,200809,130,729,8266
Educational services,200809,50,211,8266
Finance and insurance,200809,122,279,8266
Government,200809,449,553,8266
Health care and social assistance,200809,526,574,8266
Information,200809,64,157,8266
Mining,200809,17,30,8266
Nondurable goods,200809,85,309,8266
"Other services, except government",200809,126,362,8266
Professional and business services,200809,576,993,8266
Real estate and rental and leasing,200809,60,112,8266
Retail trade,200809,280,1084,8266
Transportation and warehousing,200809,99,364,8266
Wholesale trade,200809,98,216,8266
Accommodation and food services,200803,485,802,6618
"Arts, entertainment, and recreation",200803,63,145,6618
Construction,200803,94,930,6618
Durable goods,200803,149,480,6618
Educational services,200803,59,158,6618
Finance and insurance,200803,186,203,6618
Government,200803,402,482,6618
Health care and social assistance,200803,706,490,6618
Information,200803,85,160,6618
Mining,200803,16,26,6618
Nondurable goods,200803,102,306,6618
"Other services, except government",200803,152,300,6618
Professional and business services,200803,794,808,6618
Real estate and rental and leasing,200803,80,100,6618
Retail trade,200803,399,870,6618
Transportation and warehousing,200803,128,241,6618
Wholesale trade,200803,122,117,6618
Accommodation and food services,200801,545,867,6537
"Arts, entertainment, and recreation",200801,56,187,6537
Construction,200801,135,865,6537
Durable goods,200801,197,439,6537
Educational services,200801,63,147,6537
Finance and insurance,200801,276,237,6537
Government,200801,423,474,6537
Health care and social assistance,200801,700,438,6537
Information,200801,88,160,6537
Mining,200801,16,23,6537
Nondurable goods,200801,127,365,6537
"Other services, except government",200801,169,254,6537
Professional and business services,200801,773,786,6537
Real estate and rental and leasing,200801,128,60,6537
Retail trade,200801,366,883,6537
Transportation and warehousing,200801,158,234,6537
Wholesale trade,200801,204,118,6537
Accommodation and food services,200804,442,767,6508
"Arts, entertainment, and recreation",200804,57,147,6508
Construction,200804,92,1017,6508
Durable goods,200804,158,497,6508
Educational services,200804,61,113,6508
Finance and insurance,200804,134,223,6508
Government,200804,354,469,6508
Health care and social assistance,200804,601,470,6508
Information,200804,78,145,6508
Mining,200804,18,27,6508
Nondurable goods,200804,112,270,6508
"Other services, except government",200804,193,276,6508
Professional and business services,200804,717,790,6508
Real estate and rental and leasing,200804,55,104,6508
Retail trade,200804,351,808,6508
Transportation and warehousing,200804,118,236,6508
Wholesale trade,200804,117,149,6508
Accommodation and food services,200911,212,1223,13117
"Arts, entertainment, and recreation",200911,24,317,13117
Construction,200911,64,1904,13117
Durable goods,200911,64,1276,13117
Educational services,200911,37,286,13117
Finance and insurance,200911,112,433,13117
Government,200911,350,821,13117
Health care and social assistance,200911,466,957,13117
Information,200911,35,259,13117
Mining,200911,7,99,13117
Nondurable goods,200911,70,673,13117
"Other services, except government",200911,105,475,13117
Professional and business services,200911,378,1668,13117
Real estate and rental and leasing,200911,38,211,13117
Retail trade,200911,217,1676,13117
Transportation and warehousing,200911,50,559,13117
Wholesale trade,200911,61,280,13117
Accommodation and food services,200901,192,1110,10476
"Arts, entertainment, and recreation",200901,29,219,10476
Construction,200901,34,1408,10476
Durable goods,200901,47,1123,10476
Educational services,200901,62,177,10476
Finance and insurance,200901,118,398,10476
Government,200901,372,655,10476
Health care and social assistance,200901,479,631,10476
Information,200901,57,221,10476
Mining,200901,13,52,10476
Nondurable goods,200901,57,523,10476
"Other services, except government",200901,132,413,10476
Professional and business services,200901,498,1283,10476
Real estate and rental and leasing,200901,34,185,10476
Retail trade,200901,321,1366,10476
Transportation and warehousing,200901,68,453,10476
Wholesale trade,200901,57,259,10476
Accommodation and food services,200909,269,1330,13195
"Arts, entertainment, and recreation",200909,22,277,13195
Construction,200909,67,1902,13195
Durable goods,200909,67,1348,13195
Educational services,200909,41,320,13195
Finance and insurance,200909,110,457,13195
Government,200909,308,894,13195
Health care and social assistance,200909,475,856,13195
Information,200909,61,341,13195
Mining,200909,7,87,13195
Nondurable goods,200909,58,622,13195
"Other services, except government",200909,91,448,13195
Professional and business services,200909,411,1660,13195
Real estate and rental and leasing,200909,66,238,13195
Retail trade,200909,278,1541,13195
Transportation and warehousing,200909,50,581,13195
Wholesale trade,200909,63,293,13195
Accommodation and food services,200904,257,1120,12124
"Arts, entertainment, and recreation",200904,23,271,12124
Construction,200904,21,1669,12124
Durable goods,200904,47,1256,12124
Educational services,200904,48,287,12124
Finance and insurance,200904,99,361,12124
Government,200904,366,726,12124
Health care and social assistance,200904,422,766,12124
Information,200904,37,327,12124
Mining,200904,8,116,12124
Nondurable goods,200904,48,644,12124
"Other services, except government",200904,104,445,12124
Professional and business services,200904,414,1529,12124
Real estate and rental and leasing,200904,28,196,12124
Retail trade,200904,188,1628,12124
Transportation and warehousing,200904,56,524,12124
Wholesale trade,200904,58,259,12124
Accommodation and food services,200908,180,1379,12975
"Arts, entertainment, and recreation",200908,24,299,12975
Construction,200908,58,1900,12975
Durable goods,200908,59,1338,12975
Educational services,200908,64,285,12975
Finance and insurance,200908,90,392,12975
Government,200908,301,861,12975
Health care and social assistance,200908,465,805,12975
Information,200908,41,346,12975
Mining,200908,5,93,12975
Nondurable goods,200908,63,624,12975
"Other services, except government",200908,101,496,12975
Professional and business services,200908,350,1599,12975
Real estate and rental and leasing,200908,35,168,12975
Retail trade,200908,236,1548,12975
Transportation and warehousing,200908,72,569,12975
Wholesale trade,200908,81,273,12975
Accommodation and food services,200910,212,1387,13431
"Arts, entertainment, and recreation",200910,24,304,13431
Construction,200910,59,1991,13431
Durable goods,200910,62,1353,13431
Educational services,200910,34,311,13431
Finance and insurance,200910,92,427,13431
Government,200910,409,841,13431
Health care and social assistance,200910,464,953,13431
Information,200910,62,280,13431
Mining,200910,6,97,13431
Nondurable goods,200910,57,631,13431
"Other services, except government",200910,106,539,13431
Professional and business services,200910,376,1527,13431
Real estate and rental and leasing,200910,46,245,13431
Retail trade,200910,211,1722,13431
Transportation and warehousing,200910,45,544,13431
Wholesale trade,200910,68,279,13431
Accommodation and food services,200906,253,1305,12963
"Arts, entertainment, and recreation",200906,15,323,12963
Construction,200906,51,1851,12963
Durable goods,200906,49,1400,12963
Educational services,200906,64,301,12963
Finance and insurance,200906,106,351,12963
Government,200906,320,825,12963
Health care and social assistance,200906,459,856,12963
Information,200906,41,335,12963
Mining,200906,5,90,12963
Nondurable goods,200906,52,667,12963
"Other services, except government",200906,133,543,12963
Professional and business services,200906,378,1610,12963
Real estate and rental and leasing,200906,31,153,12963
Retail trade,200906,272,1560,12963
Transportation and warehousing,200906,66,507,12963
Wholesale trade,200906,75,286,12963
Accommodation and food services,200905,247,1278,12671
"Arts, entertainment, and recreation",200905,20,305,12671
Construction,200905,38,1872,12671
Durable goods,200905,51,1318,12671
Educational services,200905,43,248,12671
Finance and insurance,200905,130,329,12671
Government,200905,303,820,12671
Health care and social assistance,200905,465,818,12671
Information,200905,41,292,12671
Mining,200905,10,113,12671
Nondurable goods,200905,43,667,12671
"Other services, except government",200905,112,496,12671
Professional and business services,200905,394,1517,12671
Real estate and rental and leasing,200905,32,206,12671
Retail trade,200905,329,1586,12671
Transportation and warehousing,200905,67,528,12671
Wholesale trade,200905,67,278,12671
Accommodation and food services,200912,196,1351,13141
"Arts, entertainment, and recreation",200912,17,312,13141
Construction,200912,70,1877,13141
Durable goods,200912,78,1267,13141
Educational services,200912,49,305,13141
Finance and insurance,200912,98,470,13141
Government,200912,379,913,13141
Health care and social assistance,200912,469,968,13141
Information,200912,66,282,13141
Mining,200912,6,83,13141
Nondurable goods,200912,81,496,13141
"Other services, except government",200912,116,550,13141
Professional and business services,200912,384,1519,13141
Real estate and rental and leasing,200912,33,212,13141
Retail trade,200912,219,1656,13141
Transportation and warehousing,200912,45,579,13141
Wholesale trade,200912,77,301,13141
Accommodation and food services,200903,253,1231,11702
"Arts, entertainment, and recreation",200903,24,257,11702
Construction,200903,48,1594,11702
Durable goods,200903,59,1222,11702
Educational services,200903,31,250,11702
Finance and insurance,200903,120,375,11702
Government,200903,351,684,11702
Health care and social assistance,200903,468,749,11702
Information,200903,55,256,11702
Mining,200903,9,94,11702
Nondurable goods,200903,60,572,11702
"Other services, except government",200903,146,402,11702
Professional and business services,200903,421,1460,11702
Real estate and rental and leasing,200903,42,219,11702
Retail trade,200903,259,1579,11702
Transportation and warehousing,200903,66,502,11702
Wholesale trade,200903,75,256,11702
Accommodation and food services,200907,213,1282,12922
"Arts, entertainment, and recreation",200907,13,293,12922
Construction,200907,42,1998,12922
Durable goods,200907,50,1351,12922
Educational services,200907,42,282,12922
Finance and insurance,200907,91,397,12922
Government,200907,316,834,12922
Health care and social assistance,200907,479,845,12922
Information,200907,39,352,12922
Mining,200907,3,95,12922
Nondurable goods,200907,44,649,12922
"Other services, except government",200907,87,495,12922
Professional and business services,200907,383,1594,12922
Real estate and rental and leasing,200907,32,191,12922
Retail trade,200907,178,1466,12922
Transportation and warehousing,200907,46,487,12922
Wholesale trade,200907,62,311,12922
Accommodation and food services,200902,275,1196,11146
"Arts, entertainment, and recreation",200902,22,195,11146
Construction,200902,68,1558,11146
Durable goods,200902,68,1130,11146
Educational services,200902,49,200,11146
Finance and insurance,200902,134,367,11146
Government,200902,368,647,11146
Health care and social assistance,200902,489,703,11146
Information,200902,66,226,11146
Mining,200902,8,63,11146
Nondurable goods,200902,67,576,11146
"Other services, except government",200902,154,422,11146
Professional and business services,200902,498,1382,11146
Real estate and rental and leasing,200902,49,222,11146
Retail trade,200902,311,1470,11146
Transportation and warehousing,200902,42,494,11146
Wholesale trade,200902,75,295,11146
Accommodation and food services,201009,248,1345,12684
"Arts, entertainment, and recreation",201009,33,326,12684
Construction,201009,70,1739,12684
Durable goods,201009,124,985,12684
Educational services,201009,51,296,12684
Finance and insurance,201009,185,423,12684
Government,201009,326,1049,12684
Health care and social assistance,201009,453,970,12684
Information,201009,61,310,12684
Mining,201009,15,75,12684
Nondurable goods,201009,59,554,12684
"Other services, except government",201009,124,519,12684
Professional and business services,201009,538,1473,12684
Real estate and rental and leasing,201009,28,183,12684
Retail trade,201009,236,1716,12684
Transportation and warehousing,201009,91,450,12684
Wholesale trade,201009,86,271,12684
Accommodation and food services,201007,282,1285,12557
"Arts, entertainment, and recreation",201007,38,257,12557
Construction,201007,95,1812,12557
Durable goods,201007,146,1014,12557
Educational services,201007,54,278,12557
Finance and insurance,201007,184,423,12557
Government,201007,354,875,12557
Health care and social assistance,201007,444,1005,12557
Information,201007,97,315,12557
Mining,201007,12,80,12557
Nondurable goods,201007,63,561,12557
"Other services, except government",201007,152,479,12557
Professional and business services,201007,517,1516,12557
Real estate and rental and leasing,201007,25,184,12557
Retail trade,201007,254,1681,12557
Transportation and warehousing,201007,64,518,12557
Wholesale trade,201007,85,274,12557
Accommodation and food services,201008,307,1274,12606
"Arts, entertainment, and recreation",201008,37,279,12606
Construction,201008,52,1812,12606
Durable goods,201008,118,1015,12606
Educational services,201008,49,280,12606
Finance and insurance,201008,180,402,12606
Government,201008,331,991,12606
Health care and social assistance,201008,433,985,12606
Information,201008,105,295,12606
Mining,201008,15,93,12606
Nondurable goods,201008,54,522,12606
"Other services, except government",201008,144,503,12606
Professional and business services,201008,618,1553,12606
Real estate and rental and leasing,201008,46,203,12606
Retail trade,201008,242,1679,12606
Transportation and warehousing,201008,83,452,12606
Wholesale trade,201008,81,268,12606
Accommodation and food services,201011,231,1313,13000
"Arts, entertainment, and recreation",201011,28,340,13000
Construction,201011,96,1706,13000
Durable goods,201011,152,1047,13000
Educational services,201011,58,294,13000
Finance and insurance,201011,194,426,13000
Government,201011,343,1043,13000
Health care and social assistance,201011,470,1090,13000
Information,201011,85,289,13000
Mining,201011,20,67,13000
Nondurable goods,201011,60,549,13000
"Other services, except government",201011,142,536,13000
Professional and business services,201011,650,1670,13000
Real estate and rental and leasing,201011,34,184,13000
Retail trade,201011,254,1665,13000
Transportation and warehousing,201011,76,489,13000
Wholesale trade,201011,105,292,13000
Accommodation and food services,201004,233,1428,13134
"Arts, entertainment, and recreation",201004,26,297,13134
Construction,201004,80,1850,13134
Durable goods,201004,111,1082,13134
Educational services,201004,55,256,13134
Finance and insurance,201004,175,493,13134
Government,201004,590,977,13134
Health care and social assistance,201004,459,889,13134
Information,201004,81,308,13134
Mining,201004,15,62,13134
Nondurable goods,201004,67,552,13134
"Other services, except government",201004,204,569,13134
Professional and business services,201004,475,1651,13134
Real estate and rental and leasing,201004,33,201,13134
Retail trade,201004,254,1692,13134
Transportation and warehousing,201004,73,513,13134
Wholesale trade,201004,85,314,13134
Accommodation and food services,201010,253,1248,12531
"Arts, entertainment, and recreation",201010,27,284,12531
Construction,201010,67,1637,12531
Durable goods,201010,140,1005,12531
Educational services,201010,65,299,12531
Finance and insurance,201010,204,439,12531
Government,201010,353,1024,12531
Health care and social assistance,201010,526,937,12531
Information,201010,62,324,12531
Mining,201010,22,95,12531
Nondurable goods,201010,55,549,12531
"Other services, except government",201010,125,539,12531
Professional and business services,201010,590,1562,12531
Real estate and rental and leasing,201010,29,171,12531
Retail trade,201010,273,1682,12531
Transportation and warehousing,201010,90,459,12531
Wholesale trade,201010,83,277,12531
Accommodation and food services,201001,214,1289,12978
"Arts, entertainment, and recreation",201001,14,317,12978
Construction,201001,66,1803,12978
Durable goods,201001,72,1281,12978
Educational services,201001,27,270,12978
Finance and insurance,201001,112,429,12978
Government,201001,387,947,12978
Health care and social assistance,201001,484,932,12978
Information,201001,98,305,12978
Mining,201001,7,62,12978
Nondurable goods,201001,55,563,12978
"Other services, except government",201001,170,585,12978
Professional and business services,201001,383,1444,12978
Real estate and rental and leasing,201001,32,198,12978
Retail trade,201001,221,1663,12978
Transportation and warehousing,201001,35,575,12978
Wholesale trade,201001,60,315,12978
Accommodation and food services,201005,228,1302,12701
"Arts, entertainment, and recreation",201005,41,273,12701
Construction,201005,71,1844,12701
Durable goods,201005,122,1025,12701
Educational services,201005,71,277,12701
Finance and insurance,201005,168,444,12701
Government,201005,376,901,12701
Health care and social assistance,201005,438,941,12701
Information,201005,76,308,12701
Mining,201005,16,55,12701
Nondurable goods,201005,68,533,12701
"Other services, except government",201005,116,516,12701
Professional and business services,201005,589,1614,12701
Real estate and rental and leasing,201005,35,171,12701
Retail trade,201005,261,1714,12701
Transportation and warehousing,201005,60,480,12701
Wholesale trade,201005,89,303,12701
Accommodation and food services,201006,230,1267,12494
"Arts, entertainment, and recreation",201006,68,292,12494
Construction,201006,74,2026,12494
Durable goods,201006,131,1007,12494
Educational services,201006,51,253,12494
Finance and insurance,201006,167,435,12494
Government,201006,298,802,12494
Health care and social assistance,201006,432,993,12494
Information,201006,54,275,12494
Mining,201006,16,61,12494
Nondurable goods,201006,68,545,12494
"Other services, except government",201006,124,517,12494
Professional and business services,201006,473,1504,12494
Real estate and rental and leasing,201006,39,192,12494
Retail trade,201006,247,1596,12494
Transportation and warehousing,201006,72,446,12494
Wholesale trade,201006,78,283,12494
Accommodation and food services,201002,215,1251,13088
"Arts, entertainment, and recreation",201002,21,249,13088
Construction,201002,63,1888,13088
Durable goods,201002,95,1188,13088
Educational services,201002,62,280,13088
Finance and insurance,201002,110,498,13088
Government,201002,366,1011,13088
Health care and social assistance,201002,451,986,13088
Information,201002,74,311,13088
Mining,201002,10,84,13088
Nondurable goods,201002,60,521,13088
"Other services, except government",201002,164,557,13088
Professional and business services,201002,387,1600,13088
Real estate and rental and leasing,201002,32,162,13088
Retail trade,201002,266,1699,13088
Transportation and warehousing,201002,59,521,13088
Wholesale trade,201002,54,282,13088
Accommodation and food services,201003,209,1298,13194
"Arts, entertainment, and recreation",201003,28,275,13194
Construction,201003,93,1839,13194
Durable goods,201003,100,1195,13194
Educational services,201003,69,276,13194
Finance and insurance,201003,131,489,13194
Government,201003,428,1012,13194
Health care and social assistance,201003,448,905,13194
Information,201003,62,323,13194
Mining,201003,10,64,13194
Nondurable goods,201003,58,575,13194
"Other services, except government",201003,143,555,13194
Professional and business services,201003,420,1628,13194
Real estate and rental and leasing,201003,15,178,13194
Retail trade,201003,307,1759,13194
Transportation and warehousing,201003,59,508,13194
Wholesale trade,201003,72,315,13194
Accommodation and food services,201012,242,1329,12313
"Arts, entertainment, and recreation",201012,45,286,12313
Construction,201012,44,1605,12313
Durable goods,201012,120,1011,12313
Educational services,201012,48,278,12313
Finance and insurance,201012,172,395,12313
Government,201012,420,1088,12313
Health care and social assistance,201012,472,936,12313
Information,201012,80,267,12313
Mining,201012,24,77,12313
Nondurable goods,201012,54,544,12313
"Other services, except government",201012,117,526,12313
Professional and business services,201012,601,1530,12313
Real estate and rental and leasing,201012,25,180,12313
Retail trade,201012,262,1544,12313
Transportation and warehousing,201012,118,460,12313
Wholesale trade,201012,80,257,12313
Accommodation and food services,201111,370,1238,11298
"Arts, entertainment, and recreation",201111,59,240,11298
Construction,201111,74,1176,11298
Durable goods,201111,174,792,11298
Educational services,201111,58,298,11298
Finance and insurance,201111,113,408,11298
Government,201111,369,1059,11298
Health care and social assistance,201111,548,908,11298
Information,201111,93,244,11298
Mining,201111,27,72,11298
Nondurable goods,201111,62,440,11298
"Other services, except government",201111,104,530,11298
Professional and business services,201111,496,1469,11298
Real estate and rental and leasing,201111,39,161,11298
Retail trade,201111,309,1544,11298
Transportation and warehousing,201111,119,475,11298
Wholesale trade,201111,123,244,11298
Accommodation and food services,201112,383,1149,11229
"Arts, entertainment, and recreation",201112,46,273,11229
Construction,201112,67,1223,11229
Durable goods,201112,180,792,11229
Educational services,201112,53,291,11229
Finance and insurance,201112,163,350,11229
Government,201112,392,1021,11229
Health care and social assistance,201112,532,985,11229
Information,201112,105,257,11229
Mining,201112,38,55,11229
Nondurable goods,201112,71,429,11229
"Other services, except government",201112,135,540,11229
Professional and business services,201112,642,1463,11229
Real estate and rental and leasing,201112,27,166,11229
Retail trade,201112,336,1563,11229
Transportation and warehousing,201112,140,428,11229
Wholesale trade,201112,108,244,11229
Accommodation and food services,201105,261,1104,11731
"Arts, entertainment, and recreation",201105,33,278,11731
Construction,201105,94,1429,11731
Durable goods,201105,142,921,11731
Educational services,201105,52,301,11731
Finance and insurance,201105,139,401,11731
Government,201105,317,978,11731
Health care and social assistance,201105,544,1017,11731
Information,201105,97,219,11731
Mining,201105,21,39,11731
Nondurable goods,201105,70,508,11731
"Other services, except government",201105,117,554,11731
Professional and business services,201105,634,1418,11731
Real estate and rental and leasing,201105,46,211,11731
Retail trade,201105,281,1607,11731
Transportation and warehousing,201105,127,502,11731
Wholesale trade,201105,79,244,11731
Accommodation and food services,201108,317,1166,11754
"Arts, entertainment, and recreation",201108,43,279,11754
Construction,201108,101,1400,11754
Durable goods,201108,156,902,11754
Educational services,201108,60,285,11754
Finance and insurance,201108,140,384,11754
Government,201108,358,974,11754
Health care and social assistance,201108,552,926,11754
Information,201108,102,201,11754
Mining,201108,27,53,11754
Nondurable goods,201108,70,533,11754
"Other services, except government",201108,83,556,11754
Professional and business services,201108,618,1467,11754
Real estate and rental and leasing,201108,46,185,11754
Retail trade,201108,317,1618,11754
Transportation and warehousing,201108,95,546,11754
Wholesale trade,201108,65,279,11754
Accommodation and food services,201106,296,1190,11812
"Arts, entertainment, and recreation",201106,56,248,11812
Construction,201106,70,1484,11812
Durable goods,201106,150,951,11812
Educational services,201106,67,271,11812
Finance and insurance,201106,160,405,11812
Government,201106,329,1021,11812
Health care and social assistance,201106,534,863,11812
Information,201106,89,230,11812
Mining,201106,26,45,11812
Nondurable goods,201106,65,478,11812
"Other services, except government",201106,134,538,11812
Professional and business services,201106,632,1389,11812
Real estate and rental and leasing,201106,44,205,11812
Retail trade,201106,321,1700,11812
Transportation and warehousing,201106,93,523,11812
Wholesale trade,201106,88,271,11812
Accommodation and food services,201107,282,1239,11615
"Arts, entertainment, and recreation",201107,61,248,11615
Construction,201107,76,1345,11615
Durable goods,201107,172,921,11615
Educational services,201107,73,277,11615
Finance and insurance,201107,153,377,11615
Government,201107,329,995,11615
Health care and social assistance,201107,524,859,11615
Information,201107,105,213,11615
Mining,201107,29,54,11615
Nondurable goods,201107,77,512,11615
"Other services, except government",201107,134,570,11615
Professional and business services,201107,647,1463,11615
Real estate and rental and leasing,201107,48,205,11615
Retail trade,201107,307,1618,11615
Transportation and warehousing,201107,110,472,11615
Wholesale trade,201107,121,247,11615
Accommodation and food services,201102,327,1350,11833
"Arts, entertainment, and recreation",201102,48,322,11833
Construction,201102,53,1461,11833
Durable goods,201102,142,922,11833
Educational services,201102,61,318,11833
Finance and insurance,201102,166,405,11833
Government,201102,322,1062,11833
Health care and social assistance,201102,488,946,11833
Information,201102,84,217,11833
Mining,201102,25,45,11833
Nondurable goods,201102,66,491,11833
"Other services, except government",201102,121,503,11833
Professional and business services,201102,607,1354,11833
Real estate and rental and leasing,201102,40,188,11833
Retail trade,201102,232,1493,11833
Transportation and warehousing,201102,109,442,11833
Wholesale trade,201102,107,314,11833
Accommodation and food services,201103,297,1314,11762
"Arts, entertainment, and recreation",201103,42,381,11762
Construction,201103,62,1397,11762
Durable goods,201103,161,883,11762
Educational services,201103,49,305,11762
Finance and insurance,201103,159,405,11762
Government,201103,303,1020,11762
Health care and social assistance,201103,563,934,11762
Information,201103,100,235,11762
Mining,201103,34,41,11762
Nondurable goods,201103,74,491,11762
"Other services, except government",201103,122,532,11762
Professional and business services,201103,625,1351,11762
Real estate and rental and leasing,201103,30,196,11762
Retail trade,201103,265,1429,11762
Transportation and warehousing,201103,119,500,11762
Wholesale trade,201103,100,348,11762
Accommodation and food services,201110,332,1264,11539
"Arts, entertainment, and recreation",201110,46,259,11539
Construction,201110,85,1276,11539
Durable goods,201110,163,816,11539
Educational services,201110,62,277,11539
Finance and insurance,201110,160,377,11539
Government,201110,380,998,11539
Health care and social assistance,201110,548,911,11539
Information,201110,105,211,11539
Mining,201110,23,71,11539
Nondurable goods,201110,71,452,11539
"Other services, except government",201110,129,593,11539
Professional and business services,201110,586,1526,11539
Real estate and rental and leasing,201110,48,163,11539
Retail trade,201110,310,1570,11539
Transportation and warehousing,201110,102,524,11539
Wholesale trade,201110,145,251,11539
Accommodation and food services,201104,271,1268,11741
"Arts, entertainment, and recreation",201104,37,299,11741
Construction,201104,100,1454,11741
Durable goods,201104,165,937,11741
Educational services,201104,61,235,11741
Finance and insurance,201104,176,391,11741
Government,201104,288,996,11741
Health care and social assistance,201104,494,952,11741
Information,201104,105,221,11741
Mining,201104,20,25,11741
Nondurable goods,201104,71,463,11741
"Other services, except government",201104,104,621,11741
Professional and business services,201104,489,1385,11741
Real estate and rental and leasing,201104,49,213,11741
Retail trade,201104,323,1516,11741
Transportation and warehousing,201104,115,482,11741
Wholesale trade,201104,102,283,11741
Accommodation and food services,201101,259,1313,11933
"Arts, entertainment, and recreation",201101,40,281,11933
Construction,201101,64,1559,11933
Durable goods,201101,158,928,11933
Educational services,201101,56,308,11933
Finance and insurance,201101,186,435,11933
Government,201101,317,1084,11933
Health care and social assistance,201101,420,991,11933
Information,201101,78,225,11933
Mining,201101,28,63,11933
Nondurable goods,201101,73,527,11933
"Other services, except government",201101,119,491,11933
Professional and business services,201101,466,1360,11933
Real estate and rental and leasing,201101,33,207,11933
Retail trade,201101,264,1477,11933
Transportation and warehousing,201101,83,436,11933
Wholesale trade,201101,113,248,11933
Accommodation and food services,201109,332,1353,11776
"Arts, entertainment, and recreation",201109,59,263,11776
Construction,201109,68,1317,11776
Durable goods,201109,163,864,11776
Educational services,201109,74,250,11776
Finance and insurance,201109,139,384,11776
Government,201109,392,974,11776
Health care and social assistance,201109,546,912,11776
Information,201109,118,196,11776
Mining,201109,34,63,11776
Nondurable goods,201109,72,500,11776
"Other services, except government",201109,137,598,11776
Professional and business services,201109,664,1552,11776
Real estate and rental and leasing,201109,43,148,11776
Retail trade,201109,331,1667,11776
Transportation and warehousing,201109,105,494,11776
Wholesale trade,201109,133,241,11776
